{
  "hash": "42cce153",
  "configHash": "a095f6d1",
  "lockfileHash": "ccf3beb9",
  "browserHash": "5b759950",
  "optimized": {
    "@angular/common": {
      "src": "../../../../../../node_modules/@angular/common/fesm2022/common.mjs",
      "file": "@angular_common.js",
      "fileHash": "45b88efd",
      "needsInterop": false
    },
    "@angular/core": {
      "src": "../../../../../../node_modules/@angular/core/fesm2022/core.mjs",
      "file": "@angular_core.js",
      "fileHash": "8906713c",
      "needsInterop": false
    },
    "@angular/forms": {
      "src": "../../../../../../node_modules/@angular/forms/fesm2022/forms.mjs",
      "file": "@angular_forms.js",
      "fileHash": "6cdbb9b8",
      "needsInterop": false
    },
    "@angular/platform-browser": {
      "src": "../../../../../../node_modules/@angular/platform-browser/fesm2022/platform-browser.mjs",
      "file": "@angular_platform-browser.js",
      "fileHash": "8119b38e",
      "needsInterop": false
    }
  },
  "chunks": {
    "chunk-ZOOIJ3MY": {
      "file": "chunk-ZOOIJ3MY.js"
    },
    "chunk-3BGF75YG": {
      "file": "chunk-3BGF75YG.js"
    }
  }
}